province,month,MinRain,MaxRain,AvgRain,AvgFloodRiskArea(Square meter),flooding
Bangkok,10,9.65,60.78,35.22,1766.49,0
Songkhla,9,38.94,98.0,68.47,9941.22,1
Ubon Ratchathani,7,33.8,88.87,61.33,4720.87,0
Ayutthaya,11,88.85,118.87,103.86,10519.25,1
Ayutthaya,2,0.0,71.29,26.05,14120.53,0
Phitsanulok,12,17.89,77.23,47.56,10630.46,0
Bangkok,11,86.42,98.21,92.31,6231.98,1
Ubon Ratchathani,7,0.0,72.77,14.75,4138.58,0
Khon Kaen,9,62.46,162.19,112.32,2979.97,0
Bangkok,7,60.12,149.71,104.92,18689.85,0
Surat Thani,4,32.46,138.06,85.26,10300.1,1
Nonthaburi,10,48.12,157.87,103.0,6515.96,0
Songkhla,3,21.15,68.28,44.71,12853.63,0
Songkhla,4,137.34,214.55,175.95,16717.85,1
Songkhla,7,121.74,198.71,160.22,4804.15,0
Songkhla,11,66.89,106.29,86.59,10076.94,0
Surat Thani,5,55.91,90.33,73.12,10225.05,0
Chiang Mai,6,107.63,130.16,118.89,21389.0,0
Phitsanulok,1,0.0,76.92,35.65,6444.43,0
Ayutthaya,2,57.1,153.0,105.05,4009.98,0
Surat Thani,1,38.97,132.68,85.82,10892.16,0
Nakhon Ratchasima,1,26.73,71.52,49.12,13600.61,0
Chiang Mai,11,71.92,104.5,88.21,9486.27,0
Nonthaburi,11,142.38,202.28,172.33,22358.42,0
Songkhla,10,0.0,47.59,12.52,6428.39,0
Ubon Ratchathani,1,0.0,82.17,26.62,9659.2,0
Ayutthaya,1,0.39,106.62,53.5,2285.66,0
Phitsanulok,4,48.68,159.44,104.06,3817.45,0
Surat Thani,7,32.59,136.12,84.36,4830.04,0
Ayutthaya,5,45.76,161.87,103.81,7289.77,0
Ayutthaya,6,18.96,80.16,49.56,2665.45,0
Khon Kaen,3,60.94,76.16,68.55,12727.9,0
Bangkok,9,126.95,146.14,136.54,4476.67,1
Surat Thani,4,51.23,104.16,77.7,32110.05,0
Phitsanulok,1,75.82,114.16,94.99,4611.9,0
Bangkok,9,52.25,80.94,66.59,8942.61,0
Phitsanulok,11,0.0,99.24,41.81,8132.57,1
Phitsanulok,1,92.37,123.87,108.12,3536.05,0
Khon Kaen,6,72.9,188.43,130.66,7311.41,0
Ubon Ratchathani,10,25.22,118.92,72.07,7242.14,0
Chiang Mai,9,0.0,71.66,31.41,15493.82,0
Songkhla,11,56.61,140.98,98.79,11184.12,0
Songkhla,5,68.68,115.14,91.91,12598.54,1
Nakhon Ratchasima,5,16.12,97.23,56.67,15264.66,0
Bangkok,9,274.16,304.69,289.42,12740.56,1
Nonthaburi,2,118.66,231.81,175.23,10016.51,0
Ayutthaya,3,68.63,111.83,90.23,4793.11,0
Phitsanulok,8,73.34,111.41,92.37,9560.19,1
Ubon Ratchathani,9,129.36,217.59,173.47,4065.38,0
Songkhla,2,102.79,185.0,143.89,7741.18,0
Songkhla,7,33.78,93.42,63.6,6994.71,0
Chiang Mai,5,53.25,132.82,93.03,7340.88,1
Nakhon Ratchasima,7,48.98,76.52,62.75,2691.21,0
Ayutthaya,12,0.0,66.12,24.08,287.48,0
Ayutthaya,1,0.0,33.49,13.6,6031.47,0
Bangkok,12,59.07,99.08,79.08,17723.22,1
Surat Thani,6,157.73,185.57,171.65,8846.07,0
Chiang Mai,10,35.88,82.44,59.16,16867.48,0
Songkhla,6,46.7,93.13,69.92,4088.78,0
Ubon Ratchathani,4,17.75,77.71,47.73,5796.93,0
Nonthaburi,10,0.0,29.98,14.5,33358.46,0
Songkhla,9,37.76,68.99,53.37,4304.96,0
Nakhon Ratchasima,2,32.31,101.9,67.11,12428.06,0
Nonthaburi,9,64.33,88.51,76.42,12414.51,1
Ayutthaya,10,109.27,195.05,152.16,11478.65,0
Nakhon Ratchasima,5,38.69,152.52,95.61,12537.8,0
Nonthaburi,12,125.09,182.04,153.57,4252.11,0
Nakhon Ratchasima,8,49.11,158.23,103.67,6263.14,1
Bangkok,5,86.86,107.67,97.26,441.27,0
Ayutthaya,1,102.43,117.16,109.79,21864.11,1
Songkhla,9,0.0,78.15,33.48,12485.59,0
Chiang Mai,3,73.29,167.01,120.15,4834.71,0
Ayutthaya,10,2.23,104.97,53.6,4127.61,0
Chiang Mai,7,46.88,63.13,55.01,17929.69,0
Ubon Ratchathani,6,23.1,118.56,70.83,4554.75,1
Ayutthaya,2,23.99,75.41,49.7,4822.09,0
Nakhon Ratchasima,9,5.85,49.22,27.54,3401.64,0
Khon Kaen,2,52.31,81.34,66.83,14143.6,0
Surat Thani,6,0.0,115.0,55.21,16701.47,0
Ubon Ratchathani,11,45.16,62.17,53.67,7027.72,0
Nonthaburi,12,11.23,112.2,61.71,16774.56,0
Ayutthaya,12,0.0,46.6,6.42,10801.14,0
Chiang Mai,12,8.55,99.41,53.98,3217.52,0
Phitsanulok,7,122.36,210.64,166.5,20826.3,1
Ubon Ratchathani,3,105.58,210.0,157.79,3369.19,0
Songkhla,11,53.5,83.72,68.61,7425.31,0
Bangkok,10,61.82,71.91,66.86,7043.55,0
Nakhon Ratchasima,12,0.0,42.22,4.3,6109.96,0
Songkhla,8,17.91,66.83,42.37,1203.43,0
Phitsanulok,2,97.22,120.84,109.03,28974.88,0
Ayutthaya,7,33.49,63.97,48.73,1405.17,1
Phitsanulok,6,112.02,158.52,135.27,21689.65,0
Phitsanulok,11,120.9,138.62,129.76,4006.67,1
Nakhon Ratchasima,5,33.54,49.8,41.67,5217.44,1
Phitsanulok,4,17.16,127.92,72.54,20299.72,0
Khon Kaen,1,153.16,197.49,175.32,11637.06,1
Khon Kaen,11,0.0,76.01,16.99,2364.67,0
Ubon Ratchathani,10,0.0,107.65,49.61,2316.12,1
Ubon Ratchathani,1,2.35,28.03,15.19,10454.83,0
Chiang Mai,6,0.0,75.68,31.36,3316.13,0
Phitsanulok,6,171.66,247.75,209.7,12025.48,1
Chiang Mai,6,6.61,92.58,49.6,12898.13,0
Phitsanulok,12,0.0,19.0,8.7,4385.08,0
Bangkok,2,11.9,42.64,27.27,5451.5,0
Songkhla,4,4.26,22.69,13.47,10700.56,0
Songkhla,3,36.41,112.87,74.64,4221.06,0
Songkhla,3,31.37,149.89,90.63,8855.19,0
Ubon Ratchathani,11,79.3,163.22,121.26,34665.38,1
Ayutthaya,12,60.89,149.07,104.98,11068.53,1
Songkhla,1,0.0,77.01,17.86,6178.6,0
Khon Kaen,8,45.08,129.66,87.37,30901.19,0
Songkhla,3,52.44,66.86,59.65,14844.54,0
Surat Thani,3,80.72,186.09,133.4,3389.81,0
Ayutthaya,4,88.33,138.45,113.39,3989.75,0
Surat Thani,3,222.56,233.04,227.8,1598.43,1
Surat Thani,6,0.0,62.25,29.35,10561.37,0
Bangkok,12,0.0,82.13,25.59,958.95,0
Chiang Mai,8,25.43,63.73,44.58,30876.54,0
Khon Kaen,9,29.48,93.55,61.52,6780.26,0
Chiang Mai,6,23.0,52.12,37.56,15477.17,0
Ayutthaya,1,22.61,38.96,30.78,6306.7,0
Ubon Ratchathani,2,73.81,92.67,83.24,10428.31,0
Ubon Ratchathani,4,0.0,89.45,44.47,7503.51,1
Ayutthaya,3,0.0,88.71,36.19,8667.02,0
Phitsanulok,11,4.94,30.7,17.82,18832.81,0
Surat Thani,11,0.0,25.77,4.91,25084.47,0
Bangkok,11,145.44,176.89,161.16,23812.87,1
Songkhla,8,151.51,164.46,157.99,52300.75,1
Surat Thani,7,80.35,151.23,115.79,4628.64,0
Ubon Ratchathani,8,54.05,141.04,97.55,11169.45,0
Surat Thani,5,0.47,81.74,41.1,4720.71,1
Surat Thani,9,74.04,126.73,100.39,18314.53,1
Bangkok,10,0.0,59.4,23.87,3542.01,1
Surat Thani,10,61.06,81.41,71.23,19053.82,0
Songkhla,8,20.06,47.03,33.54,9723.21,0
Nakhon Ratchasima,1,44.43,156.93,100.68,7835.36,0
Ubon Ratchathani,9,136.32,230.09,183.21,8535.93,1
Bangkok,5,0.0,82.93,27.18,2989.06,0
Nakhon Ratchasima,9,0.0,98.25,42.83,3231.89,0
Ayutthaya,7,29.52,110.96,70.24,9851.0,1
Nonthaburi,11,0.0,66.16,10.11,9802.09,0
Khon Kaen,5,0.0,42.13,14.21,4904.47,0
Khon Kaen,12,174.47,184.87,179.67,6721.96,0
Ayutthaya,11,75.07,91.95,83.51,11851.05,0
Nonthaburi,4,28.17,50.22,39.19,4201.16,0
Phitsanulok,6,54.45,74.94,64.7,1397.07,0
Bangkok,7,20.39,69.08,44.74,22388.55,0
Khon Kaen,10,28.25,115.39,71.82,10362.47,0
Phitsanulok,9,0.0,94.62,46.14,5668.79,1
Bangkok,11,23.42,98.34,60.88,4708.46,0
Phitsanulok,5,93.98,120.09,107.03,4165.28,1
Khon Kaen,7,56.12,148.39,102.26,18265.54,0
Nonthaburi,6,148.5,197.53,173.01,2526.22,0
Khon Kaen,11,82.13,93.56,87.85,11148.79,0
Ayutthaya,4,47.45,88.31,67.88,11141.94,0
Ubon Ratchathani,8,167.02,213.38,190.2,14321.94,1
Chiang Mai,2,35.95,76.11,56.03,6122.25,0
Surat Thani,11,0.0,55.31,5.66,21131.82,0
Surat Thani,5,69.99,163.58,116.79,14617.31,1
Songkhla,5,37.2,123.71,80.45,5955.32,0
Nonthaburi,7,52.83,78.12,65.47,4521.37,0
Ubon Ratchathani,6,69.5,168.36,118.93,7519.66,0
Ayutthaya,11,4.22,88.71,46.47,5794.19,0
Ayutthaya,7,0.0,21.8,6.08,3901.27,0
Ayutthaya,7,79.91,161.2,120.55,8825.39,1
Phitsanulok,2,6.42,69.61,38.01,6757.21,0
Nakhon Ratchasima,1,0.0,57.37,28.21,24529.61,0
Chiang Mai,5,0.0,17.73,6.57,5786.52,0
Nakhon Ratchasima,12,80.16,147.17,113.66,4486.12,0
Bangkok,12,0.0,13.59,3.1,8399.65,0
Chiang Mai,8,138.72,166.79,152.75,10123.96,1
Bangkok,8,37.99,62.57,50.28,10697.7,0
Songkhla,5,59.97,174.92,117.44,10622.02,0
Songkhla,3,69.11,110.45,89.78,8616.96,1
Ubon Ratchathani,1,189.01,238.09,213.55,8149.58,0
Ayutthaya,5,65.32,110.75,88.03,12949.94,1
Songkhla,4,94.57,203.37,148.97,3590.8,1
Chiang Mai,3,5.74,77.66,41.7,4513.96,0
Nonthaburi,4,0.0,69.7,14.15,1927.29,0
Surat Thani,1,108.65,151.64,130.15,3644.32,0
Nonthaburi,8,2.36,24.99,13.67,17063.19,0
Chiang Mai,12,77.2,148.39,112.8,12567.23,0
Ayutthaya,9,1.14,49.15,25.14,26703.15,1
Ubon Ratchathani,6,32.5,130.71,81.61,22606.62,0
Ayutthaya,6,162.8,269.54,216.17,12643.13,0
Ayutthaya,4,75.75,137.73,106.74,9350.64,0
Chiang Mai,2,0.0,114.65,56.22,8522.19,0
Nakhon Ratchasima,8,55.87,126.7,91.29,885.41,1
Khon Kaen,7,23.1,62.9,43.0,7820.68,1
Nakhon Ratchasima,1,239.33,303.12,271.23,5214.48,1
Ubon Ratchathani,5,28.5,42.6,35.55,3793.09,0
Ubon Ratchathani,4,11.97,110.41,61.19,11247.28,0
Ubon Ratchathani,3,89.54,110.7,100.12,7110.0,0
Nakhon Ratchasima,9,64.6,108.57,86.58,8920.69,0
Nonthaburi,7,57.66,129.85,93.75,3305.78,0
Bangkok,8,36.4,51.12,43.76,15054.21,0
Nakhon Ratchasima,9,45.03,63.76,54.39,5763.79,0
Chiang Mai,12,82.78,169.35,126.06,10821.8,1
Nakhon Ratchasima,10,112.87,130.77,121.82,6167.47,0
Nonthaburi,8,56.85,119.33,88.09,688.18,1
Nakhon Ratchasima,11,137.88,185.13,161.51,11575.05,0
Nonthaburi,6,111.97,147.06,129.51,7478.55,0
Ayutthaya,12,103.92,134.69,119.3,1787.21,0
Ubon Ratchathani,10,0.0,60.37,13.38,2940.05,0
Ayutthaya,8,29.98,144.65,87.32,15359.93,0
Khon Kaen,11,63.54,88.96,76.25,1883.6,0
Songkhla,7,117.61,233.17,175.39,5640.62,0
Nonthaburi,9,20.81,96.23,58.52,28245.29,0
Khon Kaen,4,31.36,111.94,71.65,11789.37,0
Songkhla,12,0.0,68.87,24.83,13919.11,0
Khon Kaen,8,0.0,73.4,29.68,6634.9,1
Songkhla,10,125.67,225.85,175.76,1620.85,1
Songkhla,6,61.91,125.09,93.5,9566.96,0
Ayutthaya,11,182.16,250.83,216.49,3140.67,1
Songkhla,1,34.87,80.49,57.68,2858.32,0
Khon Kaen,2,6.36,27.94,17.15,8766.55,0
Bangkok,7,9.74,92.85,51.3,3351.85,1
Bangkok,9,37.52,51.21,44.36,8024.27,1
Ayutthaya,10,89.2,129.52,109.36,4644.96,1
Nonthaburi,6,96.12,116.49,106.3,7813.14,0
Chiang Mai,8,81.34,112.32,96.83,5343.38,0
Ayutthaya,7,220.69,300.95,260.82,7980.34,1
Songkhla,12,115.72,194.85,155.28,21371.47,0
Khon Kaen,8,3.48,59.79,31.63,14139.66,0
Songkhla,6,122.46,142.38,132.42,7313.91,1
Nakhon Ratchasima,12,39.29,96.96,68.12,19128.68,0
Phitsanulok,2,32.03,80.83,56.43,10934.29,0
Surat Thani,12,123.73,212.98,168.36,18247.82,1
Surat Thani,2,0.0,66.65,29.81,2112.75,0
Chiang Mai,4,94.41,158.48,126.45,3387.79,0
Ayutthaya,10,81.27,144.83,113.05,9484.14,0
Phitsanulok,9,0.0,87.43,29.28,7173.4,0
Bangkok,12,0.0,59.45,12.86,7994.9,0
Songkhla,9,30.12,94.78,62.45,12234.21,1
Ayutthaya,8,111.56,174.27,142.91,9554.72,0
Songkhla,5,80.62,93.53,87.08,15091.91,0
Ubon Ratchathani,1,115.14,228.81,171.98,14807.88,0
Ayutthaya,2,60.24,105.35,82.79,3536.63,0
Nakhon Ratchasima,4,160.56,198.71,179.64,723.22,0
Ubon Ratchathani,1,0.0,100.45,40.49,3330.12,0
Chiang Mai,7,52.09,141.14,96.62,3132.87,0
Surat Thani,10,40.66,55.87,48.27,8458.71,0
Bangkok,12,52.54,69.34,60.94,8376.88,0
Ubon Ratchathani,6,65.06,77.87,71.46,6839.12,1
Ubon Ratchathani,11,48.89,124.85,86.87,11239.46,0
Bangkok,12,26.88,44.75,35.81,36592.95,0
Songkhla,11,37.0,149.67,93.33,6721.5,0
Ayutthaya,6,12.24,125.3,68.77,9778.88,0
Songkhla,4,0.0,53.24,18.21,7993.53,0
Bangkok,12,0.0,49.62,10.71,4951.5,0
Chiang Mai,3,122.22,164.33,143.27,12315.02,1
Ayutthaya,5,50.09,67.13,58.61,6461.25,0
Chiang Mai,1,0.0,61.74,16.18,4093.84,0
Nakhon Ratchasima,10,188.65,209.85,199.25,4368.17,1
Ubon Ratchathani,8,90.49,109.9,100.19,15468.59,1
Chiang Mai,2,63.08,107.31,85.2,12099.36,1
Ubon Ratchathani,3,27.31,38.68,32.99,5423.59,0
Chiang Mai,7,0.0,46.8,17.93,11107.35,0
Chiang Mai,7,32.41,120.25,76.33,8065.66,1
Surat Thani,10,16.43,114.58,65.5,9903.45,1
Songkhla,4,0.0,63.46,25.23,4842.65,0
Chiang Mai,12,0.0,75.94,24.36,3225.62,0
Khon Kaen,6,0.0,50.52,23.17,6432.4,0
Nonthaburi,10,0.0,74.06,22.37,3756.06,0
Nonthaburi,3,6.48,72.19,39.33,3509.92,0
Surat Thani,1,67.95,102.49,85.22,2241.13,0
Ayutthaya,1,38.95,152.81,95.88,730.69,0
Nakhon Ratchasima,5,44.34,84.59,64.46,5503.53,0
Ubon Ratchathani,12,67.3,80.18,73.74,17488.69,0
Surat Thani,1,80.82,117.51,99.17,14608.72,0
Khon Kaen,5,0.0,32.74,7.57,23535.76,0
Bangkok,2,53.8,102.45,78.13,3373.08,0
Chiang Mai,12,126.11,193.82,159.96,12884.93,1
Nonthaburi,9,3.83,110.98,57.4,7287.33,0
Ayutthaya,10,118.26,160.42,139.34,4374.59,0
Ayutthaya,9,24.61,91.89,58.25,16139.08,0
Ayutthaya,8,80.19,127.6,103.89,7344.92,1
Songkhla,10,33.76,134.15,83.95,1394.34,0
Bangkok,1,9.12,36.46,22.79,14500.12,0
Bangkok,11,17.69,39.07,28.38,10561.88,0
Khon Kaen,9,146.97,212.3,179.63,8826.4,1
Ayutthaya,9,78.17,162.08,120.13,2778.66,0
Ubon Ratchathani,5,12.64,110.15,61.39,9611.77,0
Ayutthaya,10,17.75,92.61,55.18,21409.45,1
Ayutthaya,5,0.0,80.76,33.2,10349.93,0
Nonthaburi,1,62.65,115.85,89.25,1919.43,0
Chiang Mai,11,29.01,42.63,35.82,10928.75,0
Surat Thani,3,38.13,60.9,49.52,10429.05,1
Surat Thani,2,32.07,46.33,39.2,13632.88,0
Ayutthaya,8,91.88,138.06,114.97,10217.74,1
Phitsanulok,3,27.16,91.67,59.42,3520.9,0
Khon Kaen,11,49.56,98.75,74.16,8470.92,0
Nonthaburi,6,0.0,59.08,23.25,6522.08,0
Nakhon Ratchasima,1,7.53,70.4,38.96,9246.94,0
Surat Thani,12,33.1,117.68,75.39,16546.92,0
Surat Thani,7,0.0,55.39,13.71,4632.53,0
Phitsanulok,4,33.45,78.44,55.94,25927.12,0
Ayutthaya,9,41.96,90.04,66.0,10877.59,0
Khon Kaen,7,0.0,57.6,20.42,14557.68,0
Bangkok,1,97.35,172.96,135.15,13221.18,0
Nakhon Ratchasima,10,63.85,108.47,86.16,10562.78,1
Phitsanulok,5,35.91,82.24,59.07,12005.36,1
Bangkok,9,0.0,79.72,36.55,73.43,0
Phitsanulok,11,0.0,53.72,13.11,13203.66,0
Surat Thani,8,115.74,140.59,128.16,3775.81,1
Chiang Mai,9,16.54,75.06,45.8,7688.53,0
Nakhon Ratchasima,4,0.0,71.25,17.15,10509.16,0
Surat Thani,3,28.65,42.64,35.64,17057.23,0
Nakhon Ratchasima,5,40.84,144.91,92.87,3776.83,0
Chiang Mai,11,65.79,93.74,79.76,5617.36,0
Ubon Ratchathani,7,0.0,58.24,25.34,6255.59,0
Ubon Ratchathani,5,115.59,172.27,143.93,9330.71,1
Chiang Mai,10,11.34,22.46,16.9,6569.28,0
Khon Kaen,11,108.92,219.61,164.27,12043.91,0
Khon Kaen,11,47.25,107.29,77.27,1458.36,0
Ubon Ratchathani,4,0.0,106.23,48.75,7225.07,0
Songkhla,9,33.69,75.24,54.46,22824.98,0
Songkhla,8,18.16,123.45,70.81,6583.13,1
Nonthaburi,6,42.36,153.83,98.09,10907.28,0
Songkhla,5,0.0,46.19,10.57,15292.56,0
Nakhon Ratchasima,2,18.46,50.76,34.61,10652.47,0
Chiang Mai,4,26.41,111.79,69.1,27461.72,0
Ubon Ratchathani,7,112.46,182.85,147.66,8621.51,1
Nonthaburi,11,86.93,200.83,143.88,12473.97,0
Nonthaburi,11,157.98,216.3,187.14,9618.37,0
Khon Kaen,3,119.48,159.02,139.25,19822.74,1
Khon Kaen,9,19.7,44.92,32.31,5843.69,0
Bangkok,2,22.37,109.22,65.79,28923.92,0
Chiang Mai,9,81.24,198.39,139.82,4731.14,1
Surat Thani,5,124.1,137.22,130.66,24282.88,1
Surat Thani,6,10.96,102.41,56.69,3391.87,0
Nakhon Ratchasima,9,40.18,152.15,96.16,12758.96,0
Nakhon Ratchasima,6,36.47,54.7,45.59,8065.67,1
Phitsanulok,10,4.43,26.55,15.49,15075.15,0
Ayutthaya,7,17.64,103.76,60.7,11101.46,1
Phitsanulok,12,17.22,98.5,57.86,14516.39,0
Nonthaburi,8,34.99,52.56,43.78,3284.54,0
Nakhon Ratchasima,4,47.48,149.27,98.37,1763.22,0
Khon Kaen,10,21.4,88.98,55.19,2808.35,0
Nonthaburi,5,33.91,143.7,88.81,2741.34,0
Ubon Ratchathani,7,60.22,166.8,113.51,3247.98,0
Khon Kaen,2,231.81,331.19,281.5,5004.29,1
Ubon Ratchathani,2,28.13,94.88,61.5,4967.19,0
Surat Thani,7,130.21,167.9,149.06,8211.4,1
Nonthaburi,3,46.09,111.74,78.91,4020.45,0
Khon Kaen,12,71.77,92.86,82.31,4306.04,0
Nonthaburi,11,20.92,103.4,62.16,6899.48,0
Nonthaburi,9,61.52,86.26,73.89,16515.72,0
Chiang Mai,9,22.48,88.71,55.6,5762.8,0
Chiang Mai,8,123.86,139.84,131.85,7803.89,1
Surat Thani,1,14.29,57.24,35.76,8796.72,0
Bangkok,5,0.0,33.09,15.32,3600.95,0
Khon Kaen,6,3.47,81.67,42.57,6226.25,0
Ayutthaya,11,0.0,87.07,38.8,4605.5,0
Nonthaburi,3,34.4,50.7,42.55,15457.47,1
Nonthaburi,6,7.86,111.39,59.63,14592.76,1
Chiang Mai,5,0.0,95.03,42.69,4215.62,1
Phitsanulok,2,35.14,82.79,58.97,7690.08,0
Bangkok,2,1.55,84.05,42.8,12480.92,0
Songkhla,5,63.03,117.32,90.17,10240.98,0
Phitsanulok,1,266.36,293.32,279.84,11050.78,1
Phitsanulok,1,43.67,111.82,77.74,3620.8,0
Khon Kaen,5,34.55,54.05,44.3,23697.9,0
Phitsanulok,3,0.0,57.57,4.25,4923.04,0
Chiang Mai,7,165.28,276.96,221.12,4806.3,1
Surat Thani,1,30.81,131.19,81.0,2491.72,0
Ayutthaya,4,22.61,94.49,58.55,7136.9,1
Nakhon Ratchasima,6,0.0,40.34,4.68,17717.69,0
Bangkok,12,1.84,120.15,60.99,10165.95,0
Songkhla,8,54.79,92.05,73.42,7576.26,1
Nakhon Ratchasima,11,33.76,52.11,42.93,13863.95,0
Ubon Ratchathani,5,0.0,54.59,18.69,17420.15,0
Ayutthaya,6,0.0,40.49,17.4,14570.31,0
Nakhon Ratchasima,6,200.7,246.16,223.43,1254.68,0
Phitsanulok,11,66.45,77.22,71.84,13946.84,0
Bangkok,12,5.11,80.69,42.9,11366.4,0
Songkhla,12,49.1,88.15,68.62,4135.22,0
Songkhla,10,49.75,80.42,65.09,11400.26,0
Nakhon Ratchasima,7,9.26,23.71,16.49,17741.88,0
Khon Kaen,7,100.89,150.97,125.93,5105.7,1
Bangkok,12,4.01,110.69,57.35,15291.39,0
Nonthaburi,4,49.07,96.1,72.58,10329.42,0
Nonthaburi,5,133.41,218.11,175.76,205.53,1
Khon Kaen,11,0.0,65.89,19.28,8009.41,0
Bangkok,5,11.09,57.18,34.13,10032.3,0
Chiang Mai,3,34.03,134.41,84.22,6425.37,0
Bangkok,7,81.17,167.27,124.22,10611.04,1
Phitsanulok,4,3.78,75.3,39.54,7366.0,0
Phitsanulok,11,36.46,46.57,41.52,32796.93,0
Chiang Mai,11,97.76,111.62,104.69,6069.59,0
Songkhla,4,206.21,325.21,265.71,4239.68,1
Chiang Mai,7,22.34,118.4,70.37,14762.36,1
Nakhon Ratchasima,12,0.0,90.6,34.03,6705.4,0
Surat Thani,9,0.0,80.25,25.62,7675.07,0
Songkhla,3,53.37,65.61,59.49,7177.76,0
Phitsanulok,8,71.74,168.85,120.29,14202.14,1
Bangkok,8,312.64,372.26,342.45,3224.78,1
Chiang Mai,8,3.44,100.29,51.86,15270.27,1
Khon Kaen,1,65.09,75.82,70.46,12038.82,1
Nakhon Ratchasima,4,178.43,220.13,199.28,25980.94,1
Nonthaburi,11,36.88,129.53,83.2,9466.94,1
Songkhla,3,29.53,126.76,78.15,3448.04,0
Nakhon Ratchasima,4,135.2,213.37,174.28,9544.21,0
Nonthaburi,4,50.15,93.29,71.72,10432.13,0
Ayutthaya,3,5.62,49.76,27.69,18790.07,0
Surat Thani,2,92.79,209.13,150.96,3440.1,1
Ayutthaya,5,0.0,42.78,13.62,1921.33,0
Chiang Mai,11,104.47,163.65,134.06,9692.18,0
Nonthaburi,1,30.88,101.64,66.26,26727.26,0
Bangkok,4,24.79,79.83,52.31,13307.41,0
Chiang Mai,1,15.83,86.62,51.22,13853.17,0
Khon Kaen,7,30.53,88.09,59.31,2426.39,0
Khon Kaen,4,0.0,96.78,46.31,8538.75,0
Chiang Mai,10,37.23,147.22,92.22,19031.04,1
Bangkok,8,0.0,103.94,47.67,10522.67,1
Ubon Ratchathani,10,30.6,102.67,66.64,1782.58,1
Nonthaburi,8,0.0,37.18,7.86,8410.46,1
Chiang Mai,6,22.51,110.09,66.3,12659.64,0
Khon Kaen,11,0.0,96.64,45.54,7727.58,0
Surat Thani,6,91.39,163.32,127.36,3843.1,0
Nonthaburi,12,10.59,97.58,54.08,15075.62,0
Ubon Ratchathani,12,68.57,161.04,114.8,5874.45,0
Songkhla,8,63.6,148.0,105.8,11259.6,0
Surat Thani,9,61.83,153.9,107.87,8241.15,1
Ayutthaya,4,39.17,72.12,55.64,5693.06,0
Chiang Mai,10,37.26,102.09,69.68,28717.08,0
Phitsanulok,9,53.1,127.81,90.45,5176.25,0
Phitsanulok,11,66.18,76.45,71.31,8774.55,0
Bangkok,4,2.1,106.26,54.18,8221.3,0
Songkhla,10,0.0,68.68,30.13,9513.49,1
Bangkok,6,55.13,79.34,67.24,27324.97,0
Songkhla,3,0.0,65.28,15.38,12671.19,0
Phitsanulok,3,0.0,51.53,7.09,5647.79,0
Chiang Mai,7,0.0,70.69,23.99,21875.9,1
Ayutthaya,4,80.42,133.55,106.98,14247.02,0
Chiang Mai,2,27.36,131.32,79.34,5739.83,0
Surat Thani,6,79.97,135.52,107.75,19671.16,0
Nonthaburi,8,0.56,73.32,36.94,2399.04,0
Bangkok,4,131.36,141.43,136.4,3100.15,0
Nakhon Ratchasima,12,0.0,57.89,17.42,1652.51,0
Nonthaburi,10,0.0,69.38,24.88,920.47,0
Nakhon Ratchasima,7,98.58,170.96,134.77,18731.83,1
Chiang Mai,12,42.81,107.43,75.12,9602.95,0
Ayutthaya,6,58.66,157.75,108.2,1830.63,0
Surat Thani,2,37.11,122.06,79.59,8057.52,1
Ubon Ratchathani,1,21.37,61.95,41.66,15620.6,1
Nakhon Ratchasima,12,0.0,79.8,22.05,4421.52,0
Nonthaburi,12,0.0,53.71,9.81,6426.42,0
Surat Thani,9,151.16,269.84,210.5,29612.07,1
Khon Kaen,2,0.0,71.44,13.02,6908.44,0
Nonthaburi,4,114.83,225.91,170.37,2000.6,0
Nonthaburi,1,25.5,118.59,72.04,5363.63,0
Ayutthaya,1,42.89,119.93,81.41,1693.5,0
Bangkok,3,63.05,91.99,77.52,13416.53,0
Surat Thani,7,63.93,133.7,98.81,3883.1,0
Surat Thani,1,0.0,80.95,33.85,3771.42,0
Chiang Mai,12,0.0,39.46,5.81,31395.46,0
Ubon Ratchathani,6,0.0,93.67,40.92,2778.03,0
Phitsanulok,4,81.87,103.93,92.9,2298.78,0
Chiang Mai,7,0.0,51.07,25.12,3257.6,0
Songkhla,10,105.87,171.53,138.7,15962.62,0
Chiang Mai,4,31.4,88.95,60.18,12185.65,0
Songkhla,1,11.92,33.86,22.89,5304.78,0
Ayutthaya,1,61.12,88.01,74.57,4899.94,0
Bangkok,11,40.71,142.85,91.78,11519.29,0
Nonthaburi,2,64.97,128.25,96.61,9879.37,0
Chiang Mai,8,127.19,142.55,134.87,7272.49,0
Surat Thani,5,10.09,21.91,16.0,12490.65,0
Chiang Mai,10,103.96,166.04,135.0,3051.54,0
Nonthaburi,1,129.57,157.65,143.61,3943.7,0
Songkhla,11,0.0,65.89,22.1,12963.8,0
Phitsanulok,9,0.0,75.47,26.73,10485.08,0
Ayutthaya,6,94.54,129.65,112.09,8500.79,0
Ayutthaya,3,10.35,85.49,47.92,30663.11,0
Ubon Ratchathani,12,144.76,171.75,158.26,14497.49,1
Songkhla,4,166.86,210.26,188.56,5441.21,1
Phitsanulok,6,0.0,76.75,22.87,4263.32,0
Bangkok,5,0.0,68.17,33.25,10856.0,0
Ubon Ratchathani,3,17.96,125.41,71.68,18691.94,0
Chiang Mai,5,0.0,22.95,5.56,1413.52,0
Khon Kaen,2,0.0,33.33,10.18,10283.5,0
Phitsanulok,1,0.0,60.78,29.88,6339.24,0
Khon Kaen,4,201.17,263.98,232.57,9600.64,1
Songkhla,2,20.29,140.03,80.16,2129.76,0
Ayutthaya,5,26.98,49.57,38.28,18682.73,0
Khon Kaen,11,0.0,78.38,26.52,22196.62,0
Nakhon Ratchasima,2,0.0,74.35,21.85,13570.88,0
Surat Thani,1,5.33,76.18,40.75,25250.62,0
Songkhla,2,14.84,62.68,38.76,6082.63,0
Ubon Ratchathani,7,21.64,88.76,55.2,10103.19,1
Nonthaburi,4,73.9,116.07,94.99,13714.74,1
Phitsanulok,6,13.24,111.15,62.19,10961.82,0
Songkhla,1,84.43,149.25,116.84,6740.39,1
Ubon Ratchathani,4,0.0,107.97,52.05,7335.33,0
Khon Kaen,5,159.01,237.51,198.26,20852.31,0
Ayutthaya,6,81.56,148.14,114.85,8171.12,1
Chiang Mai,7,34.42,122.64,78.53,17962.27,0
Nakhon Ratchasima,10,62.5,127.94,95.22,7843.4,0
Nonthaburi,6,0.0,96.46,41.71,17888.4,0
Ayutthaya,11,39.33,69.62,54.48,8861.03,0
Chiang Mai,7,0.0,111.32,52.79,12914.0,0
Ubon Ratchathani,4,0.0,84.05,34.38,4742.95,0
Nonthaburi,3,0.0,70.55,18.21,10086.84,1
Phitsanulok,4,67.42,130.54,98.98,4804.14,0
Khon Kaen,8,78.91,181.01,129.96,5959.83,0
Ayutthaya,3,67.16,110.9,89.03,6365.7,0
Surat Thani,11,15.14,108.96,62.05,7235.74,0
Khon Kaen,6,246.1,271.55,258.83,16486.92,1
Khon Kaen,11,15.97,59.74,37.85,5771.37,0
Khon Kaen,9,51.02,110.05,80.54,9326.89,0
Nonthaburi,5,120.34,165.8,143.07,17927.77,0
Songkhla,3,0.0,50.47,24.18,12722.12,0
Phitsanulok,9,54.37,154.58,104.48,1448.48,1
Phitsanulok,4,187.88,226.11,206.99,2068.97,1
Nonthaburi,3,20.15,112.13,66.14,11112.47,0
Chiang Mai,12,66.18,84.29,75.24,5531.18,0
Phitsanulok,6,0.0,85.17,38.05,1774.16,0
Bangkok,1,45.87,142.99,94.43,5197.74,0
Ayutthaya,6,6.53,60.72,33.63,11418.57,0
Surat Thani,6,18.39,107.86,63.13,6308.2,0
Nakhon Ratchasima,11,0.0,71.22,15.89,8658.55,0
Chiang Mai,9,0.0,51.4,2.36,6776.7,0
Chiang Mai,3,18.43,71.38,44.9,4596.8,0
Phitsanulok,2,12.66,75.92,44.29,9941.59,0
Nakhon Ratchasima,8,0.33,96.06,48.2,1572.52,0
Nakhon Ratchasima,1,91.32,133.51,112.41,4100.77,0
Nonthaburi,4,83.29,181.72,132.51,14458.96,0
Chiang Mai,2,60.02,106.11,83.07,2139.21,0
Nonthaburi,1,57.56,156.22,106.89,8329.28,0
Nonthaburi,12,24.73,44.28,34.5,5909.51,0
Surat Thani,2,19.93,34.82,27.37,5453.62,0
Chiang Mai,1,35.95,155.7,95.83,15435.32,1
Chiang Mai,12,0.0,76.69,23.87,17572.68,0
Khon Kaen,3,0.0,74.87,21.31,3249.92,0
Surat Thani,10,292.54,407.18,349.86,7282.75,1
Chiang Mai,1,40.38,98.59,69.48,1124.77,0
Ayutthaya,2,23.54,65.09,44.32,14831.85,0
Chiang Mai,2,27.98,52.29,40.13,7997.63,0
Surat Thani,9,0.0,48.95,16.38,1987.28,0
Bangkok,8,64.67,98.88,81.77,4280.87,0
Songkhla,6,0.0,108.4,51.95,2979.42,0
Bangkok,3,124.69,135.13,129.91,4064.61,0
Chiang Mai,2,85.12,110.87,98.0,1262.65,0
Chiang Mai,7,31.96,69.07,50.51,20701.91,1
Phitsanulok,3,0.0,23.75,7.81,3368.57,0
Bangkok,8,52.21,87.04,69.63,8313.99,0
Ayutthaya,9,23.82,105.98,64.9,11342.71,0
Surat Thani,11,0.0,28.82,5.81,17589.87,0
Surat Thani,6,51.16,128.81,89.99,8536.21,0
Ubon Ratchathani,1,0.0,77.04,23.08,6693.75,0
Phitsanulok,4,96.49,172.77,134.63,8812.6,0
Nakhon Ratchasima,11,18.67,105.07,61.87,3232.45,1
Phitsanulok,7,14.06,64.27,39.16,3486.15,0
Nakhon Ratchasima,8,63.47,91.04,77.26,6568.93,0
Nonthaburi,6,51.08,96.34,73.71,773.89,0
Surat Thani,2,13.64,129.71,71.67,4682.73,0
Songkhla,11,83.31,161.7,122.5,5612.18,0
Phitsanulok,10,60.56,101.08,80.82,27796.52,1
Songkhla,12,6.38,65.98,36.18,19160.72,0
Phitsanulok,11,2.29,104.2,53.24,11312.76,0
Surat Thani,4,126.56,210.09,168.33,15091.71,1
Bangkok,4,0.0,69.2,33.36,3458.56,0
Ayutthaya,3,35.25,142.61,88.93,8993.67,0
Chiang Mai,12,83.68,167.65,125.66,13810.36,1
Phitsanulok,7,54.92,135.62,95.27,3488.13,0
Khon Kaen,6,54.52,85.39,69.96,2075.45,0
Khon Kaen,12,67.55,89.25,78.4,10458.73,0
Khon Kaen,8,41.56,157.72,99.64,2330.62,1
Ubon Ratchathani,11,0.0,70.94,33.0,12071.68,0
Surat Thani,12,37.37,93.09,65.23,17384.11,0
Nonthaburi,1,220.46,295.25,257.86,3593.1,1
Ayutthaya,5,82.54,99.34,90.94,3854.53,0
Khon Kaen,9,21.64,122.07,71.86,17035.0,1
Bangkok,10,32.07,65.9,48.99,8571.56,0
Bangkok,2,0.0,82.59,33.34,15499.81,0
Nakhon Ratchasima,4,45.97,114.76,80.37,6764.76,0
Nonthaburi,7,64.33,104.75,84.54,7177.78,0
Surat Thani,10,55.22,68.54,61.88,8401.78,0
Phitsanulok,2,276.6,376.35,326.47,24119.9,1
Chiang Mai,8,21.28,50.69,35.99,14668.59,0
Bangkok,4,21.02,36.72,28.87,4548.62,0
Phitsanulok,3,2.99,96.14,49.57,9488.28,0
Chiang Mai,7,39.19,87.69,63.44,6389.97,1
Bangkok,5,5.39,58.22,31.8,5453.54,0
Ayutthaya,8,60.34,97.52,78.93,11830.27,0
Nonthaburi,4,33.1,137.61,85.36,10152.01,0
Ubon Ratchathani,10,86.78,129.48,108.13,3631.79,1
Bangkok,1,26.64,59.76,43.2,8417.88,0
Phitsanulok,11,136.95,180.97,158.96,5313.32,0
Phitsanulok,1,86.87,119.22,103.04,11297.41,1
Phitsanulok,9,12.87,57.82,35.34,5115.98,0
Nonthaburi,5,22.11,41.24,31.68,7212.41,0
Khon Kaen,5,38.64,66.08,52.36,5579.82,0
Nonthaburi,1,57.57,113.45,85.51,1509.09,0
Nakhon Ratchasima,9,41.35,148.09,94.72,23326.03,1
Phitsanulok,2,94.75,111.06,102.91,8347.21,0
Surat Thani,8,230.45,263.84,247.14,23868.26,1
Songkhla,9,0.0,66.09,11.13,8637.95,0
Ubon Ratchathani,11,6.62,114.52,60.57,13373.93,0
Ubon Ratchathani,9,191.39,276.13,233.76,4814.55,1
Ubon Ratchathani,4,93.41,129.86,111.63,4918.99,0
Songkhla,9,0.0,55.33,27.24,7994.37,0
Songkhla,10,59.39,92.62,76.01,23726.0,1
Chiang Mai,4,45.71,69.85,57.78,3749.64,0
Phitsanulok,2,30.26,82.06,56.16,1119.53,0
Surat Thani,11,5.84,79.18,42.51,16765.78,0
Nakhon Ratchasima,2,46.67,96.26,71.47,13956.6,0
Surat Thani,8,100.91,178.1,139.51,5844.47,1
Nonthaburi,3,24.48,67.07,45.78,29953.66,0
Phitsanulok,2,79.43,127.47,103.45,30807.8,0
Phitsanulok,10,67.89,164.87,116.38,1390.46,0
Ayutthaya,2,104.78,211.4,158.09,4717.74,0
Songkhla,9,8.48,53.9,31.19,7950.04,0
Nakhon Ratchasima,9,30.82,103.68,67.25,11076.09,0
Ubon Ratchathani,1,18.15,58.74,38.45,9900.43,0
Ubon Ratchathani,3,63.63,79.5,71.57,8323.19,0
Khon Kaen,10,25.62,116.79,71.21,3244.89,0
Khon Kaen,7,10.07,38.88,24.48,12089.47,0
Bangkok,2,46.35,103.18,74.77,12582.44,0
Chiang Mai,12,223.45,287.02,255.24,15962.6,0
Ayutthaya,4,79.84,110.13,94.98,2827.25,0
Ayutthaya,1,9.65,30.05,19.85,6994.5,0
Chiang Mai,12,5.3,53.59,29.45,5611.35,0
Ayutthaya,1,7.29,122.04,64.67,2775.94,0
Ubon Ratchathani,7,0.0,68.91,30.08,6906.88,1
Khon Kaen,12,126.46,178.41,152.44,3399.72,0
Nakhon Ratchasima,7,10.35,24.63,17.49,2342.49,0
Nakhon Ratchasima,8,57.44,133.47,95.46,14082.85,1
Surat Thani,5,3.72,23.87,13.8,5818.68,0
Nakhon Ratchasima,2,29.04,98.72,63.88,4521.95,0
Songkhla,7,0.0,72.54,26.19,18688.42,1
Nakhon Ratchasima,11,79.66,136.26,107.96,12850.65,0
Ayutthaya,2,114.1,157.04,135.57,977.22,1
Nakhon Ratchasima,11,77.72,92.93,85.32,11128.92,0
Chiang Mai,5,133.46,146.19,139.82,11090.6,1
Ubon Ratchathani,7,0.0,32.49,3.84,6679.55,0
Khon Kaen,2,20.48,127.65,74.06,6478.64,0
Khon Kaen,8,76.07,112.92,94.5,1714.79,1
Songkhla,3,66.71,139.85,103.28,29727.9,1
Nonthaburi,4,47.93,133.2,90.56,6885.64,1
Ubon Ratchathani,9,96.52,113.21,104.87,10694.63,0
Nonthaburi,1,60.01,86.86,73.43,7191.72,0
Phitsanulok,6,0.0,43.27,20.05,4587.68,0
Ayutthaya,8,0.38,84.09,42.24,14847.31,1
Songkhla,2,123.82,182.11,152.96,9273.84,0
Nakhon Ratchasima,4,96.17,186.93,141.55,6932.05,1
Ayutthaya,5,40.54,145.98,93.26,10611.24,0
Surat Thani,8,62.85,156.27,109.56,7722.39,0
Nonthaburi,12,70.86,190.0,130.43,24955.84,1
Phitsanulok,11,46.0,138.98,92.49,14498.71,0
Ayutthaya,3,98.19,201.93,150.06,11890.08,1
Ubon Ratchathani,1,95.95,197.51,146.73,1947.27,0
Khon Kaen,1,262.12,352.45,307.29,12187.34,0
Phitsanulok,8,0.0,92.85,43.75,11971.87,0
Surat Thani,2,0.0,100.83,44.42,3456.39,0
Surat Thani,3,56.48,118.75,87.62,1899.56,0
Songkhla,11,184.77,264.98,224.87,14086.69,1
Ubon Ratchathani,11,124.71,191.35,158.03,15329.32,0
Bangkok,11,67.29,170.9,119.1,4940.84,0
Khon Kaen,4,136.55,194.0,165.27,4752.68,1
Chiang Mai,8,45.62,145.79,95.71,9154.9,0
Songkhla,8,3.9,101.82,52.86,5803.14,0
Bangkok,3,203.51,319.32,261.42,1854.78,1
Khon Kaen,7,72.07,109.45,90.76,3420.06,1
Surat Thani,7,100.56,188.62,144.59,10411.95,0
Ubon Ratchathani,5,0.0,50.42,3.79,3601.11,0
Surat Thani,10,0.0,61.68,5.19,15866.06,0
Phitsanulok,9,20.93,130.69,75.81,11834.09,1
Nonthaburi,7,0.0,66.63,30.09,10718.22,0
Chiang Mai,9,44.21,117.91,81.06,9012.11,0
Nonthaburi,10,30.17,58.57,44.37,4409.8,0
Ubon Ratchathani,7,277.39,394.64,336.01,13006.49,1
Ubon Ratchathani,4,117.85,155.9,136.88,4300.67,0
Bangkok,10,131.11,220.83,175.97,16478.99,0
Ubon Ratchathani,9,0.0,55.67,6.9,22401.12,0
Songkhla,12,88.72,147.25,117.98,9232.85,0
Surat Thani,2,41.35,74.58,57.97,20449.61,1
Bangkok,6,162.81,193.59,178.2,3464.28,1
Surat Thani,12,54.18,158.4,106.29,11929.13,0
Nonthaburi,7,31.67,97.85,64.76,8163.89,0
Songkhla,12,12.32,32.24,22.28,14255.86,0
Chiang Mai,1,30.28,119.16,74.72,1049.68,0
Nonthaburi,1,131.88,169.4,150.64,13669.94,1
Nonthaburi,10,131.85,238.25,185.05,4780.52,1
Chiang Mai,5,28.05,72.11,50.08,8474.18,0
Phitsanulok,7,285.5,317.53,301.51,29394.08,1
Ayutthaya,6,133.12,152.46,142.79,12215.29,0
Surat Thani,5,0.0,63.8,30.67,11094.22,0
Ayutthaya,12,0.0,54.24,24.45,10451.77,0
Songkhla,2,14.59,107.24,60.91,17667.66,0
Nonthaburi,10,19.42,80.53,49.98,14597.25,0
Songkhla,11,72.35,120.17,96.26,10536.26,0
Nonthaburi,8,49.5,88.28,68.89,9607.25,0
Nonthaburi,5,33.21,73.81,53.51,9140.69,0
Bangkok,2,0.0,70.74,14.71,7825.06,0
Khon Kaen,9,94.52,122.68,108.6,2781.38,0
Songkhla,6,0.0,72.67,13.32,12030.07,0
Surat Thani,2,120.13,166.09,143.11,5193.37,0
Bangkok,5,0.0,17.88,8.02,7110.52,0
Bangkok,12,0.0,31.12,12.44,15286.41,1
Surat Thani,4,22.32,38.75,30.54,7967.22,0
Ubon Ratchathani,3,0.0,94.8,46.35,7498.97,0
Chiang Mai,9,5.44,71.82,38.63,9253.64,0
Chiang Mai,3,22.65,69.72,46.18,6412.42,0
Chiang Mai,12,40.85,123.68,82.27,28979.59,0
Surat Thani,11,0.0,70.89,31.2,26392.62,0
Bangkok,12,26.14,139.53,82.84,25938.92,0
Surat Thani,11,0.0,61.75,3.88,10477.06,0
Ayutthaya,3,0.0,72.56,30.12,4919.35,0
Ayutthaya,3,0.0,61.71,11.73,15571.53,0
Ubon Ratchathani,5,93.4,190.57,141.98,6452.07,0
Surat Thani,6,3.1,67.14,35.12,16521.66,1
Songkhla,11,60.08,147.57,103.82,4726.12,0
Songkhla,9,0.04,18.65,9.34,11029.77,0
Nonthaburi,8,136.31,229.7,183.0,18135.38,1
Songkhla,11,14.12,129.92,72.02,6742.32,0
Surat Thani,8,56.13,75.47,65.8,6723.07,0
Ayutthaya,5,0.0,65.89,14.91,2110.49,0
Khon Kaen,5,0.0,83.01,26.7,4851.09,0
Surat Thani,7,37.47,72.35,54.91,10328.9,0
Chiang Mai,2,0.0,61.56,27.7,11487.99,0
Nonthaburi,9,76.39,188.46,132.42,12707.88,1
Phitsanulok,8,12.54,128.17,70.35,1347.31,0
Chiang Mai,9,15.99,40.06,28.03,6476.75,1
Songkhla,7,94.36,142.75,118.56,2377.26,1
Chiang Mai,10,5.67,92.47,49.07,9953.39,0
Songkhla,12,97.6,131.97,114.78,1717.49,0
Bangkok,7,19.81,65.54,42.68,3107.72,0
Ayutthaya,6,92.42,104.98,98.7,14424.37,1
Ubon Ratchathani,2,34.19,61.08,47.63,5334.86,0
Songkhla,10,96.53,168.38,132.46,20566.22,1
Ayutthaya,11,0.0,50.53,9.61,12943.88,0
Nonthaburi,9,0.0,61.18,20.49,6772.34,0
Songkhla,11,11.19,106.81,59.0,16022.3,1
Khon Kaen,11,8.72,64.4,36.56,7234.28,0
Ubon Ratchathani,10,26.37,66.45,46.41,13857.99,0
Songkhla,7,101.17,112.88,107.02,4649.43,0
Nakhon Ratchasima,2,29.22,61.95,45.58,16663.8,1
Songkhla,1,62.88,107.25,85.06,1898.68,1
Phitsanulok,3,15.12,44.72,29.92,3103.38,0
Phitsanulok,6,1.06,13.27,7.16,3624.57,0
Songkhla,9,100.62,127.94,114.28,5078.99,0
Ubon Ratchathani,6,169.71,252.98,211.35,10598.5,1
Khon Kaen,1,38.91,118.16,78.54,8296.16,0
Songkhla,3,5.16,118.08,61.62,13969.26,0
Nakhon Ratchasima,12,23.45,121.25,72.35,18306.59,0
Surat Thani,12,129.9,202.35,166.12,1679.45,0
Nakhon Ratchasima,5,66.69,91.82,79.25,19810.04,1
Nakhon Ratchasima,10,82.23,154.28,118.25,7109.78,1
Chiang Mai,9,106.17,122.95,114.56,25608.29,1
Nonthaburi,12,111.64,169.04,140.34,4473.18,0
Chiang Mai,11,34.09,87.02,60.56,1177.0,0
Bangkok,8,13.65,70.71,42.18,13046.73,0
Nonthaburi,5,79.11,119.89,99.5,12480.06,1
Surat Thani,8,90.78,176.22,133.5,3182.18,1
Ayutthaya,4,100.14,202.65,151.39,3490.3,0
Songkhla,5,132.9,227.43,180.16,14701.22,0
Nakhon Ratchasima,8,85.67,164.72,125.19,10970.81,0
Chiang Mai,7,5.57,74.79,40.18,6558.67,0
Songkhla,7,71.76,85.18,78.47,11780.06,1
Chiang Mai,5,28.5,118.02,73.26,10194.49,0
Surat Thani,5,32.26,102.21,67.24,3839.6,0
Nonthaburi,1,79.76,119.54,99.65,15467.26,0
Nonthaburi,8,33.13,79.19,56.16,13454.93,0
Nakhon Ratchasima,7,0.0,112.68,56.22,8440.33,1
Songkhla,12,180.65,259.33,219.99,14707.89,0
Ubon Ratchathani,7,31.94,94.29,63.12,27724.59,1
Ayutthaya,6,100.48,178.78,139.63,3452.0,0
Chiang Mai,1,117.52,173.04,145.28,6796.12,0
Nakhon Ratchasima,3,49.26,110.98,80.12,7064.82,0
Ubon Ratchathani,5,37.07,79.0,58.03,14485.34,0
Nonthaburi,5,1.89,60.27,31.08,5026.16,0
Bangkok,5,0.0,55.8,13.09,13928.1,0
Songkhla,5,97.67,112.06,104.87,5538.81,0
Phitsanulok,10,41.29,138.74,90.02,3089.62,0
Nonthaburi,2,95.6,136.72,116.16,8821.3,0
Ayutthaya,4,2.0,87.08,44.54,5438.99,0
Chiang Mai,2,194.57,275.27,234.92,9487.39,0
Khon Kaen,4,55.05,136.84,95.95,11209.76,1
Phitsanulok,9,22.79,99.68,61.23,1818.94,0
Phitsanulok,1,0.0,64.31,6.56,5970.99,0
Ubon Ratchathani,5,15.95,81.86,48.9,8826.77,0
Chiang Mai,1,74.82,165.38,120.1,14751.38,0
Chiang Mai,12,133.22,220.82,177.02,13524.24,0
Ayutthaya,9,51.08,87.07,69.07,4137.97,1
Surat Thani,3,176.17,217.33,196.75,7340.38,0
Bangkok,3,0.59,57.23,28.91,11630.53,0
Ubon Ratchathani,2,71.76,112.31,92.04,6948.38,0
Surat Thani,6,68.79,119.13,93.96,4500.13,0
Bangkok,10,78.97,131.98,105.47,8056.0,0
Bangkok,8,38.35,114.78,76.57,10857.79,0
Ayutthaya,11,71.26,105.45,88.36,3791.07,0
Songkhla,5,0.0,77.49,28.26,12536.12,0
Phitsanulok,4,136.55,194.68,165.61,9218.69,1
Ayutthaya,6,86.34,174.03,130.19,12857.57,0
Khon Kaen,3,76.32,95.28,85.8,7919.75,1
Nonthaburi,12,101.48,163.17,132.33,25020.0,0
Ayutthaya,3,162.67,175.77,169.22,10707.19,1
Nakhon Ratchasima,6,62.2,146.55,104.37,13885.94,0
Ayutthaya,7,227.91,275.72,251.81,12500.44,1
Bangkok,1,53.47,167.89,110.68,7266.16,0
Nakhon Ratchasima,6,9.74,55.39,32.57,10026.28,0
Surat Thani,6,46.6,118.62,82.61,5125.89,0
Nonthaburi,4,116.79,155.1,135.94,23836.43,1
Songkhla,2,130.22,208.44,169.33,11567.91,1
Songkhla,1,47.12,108.49,77.81,4272.46,0
Surat Thani,1,4.85,55.62,30.23,20333.85,0
Chiang Mai,6,40.82,73.23,57.03,7556.26,0
Nakhon Ratchasima,2,7.72,29.99,18.85,15252.69,0
Nonthaburi,12,107.3,130.49,118.89,1766.24,0
Bangkok,3,0.0,108.34,48.39,17906.6,0
Phitsanulok,8,9.71,65.07,37.39,11232.39,0
Ubon Ratchathani,9,122.07,132.28,127.18,3979.33,1
Khon Kaen,6,136.69,251.51,194.1,11093.21,0
Songkhla,11,31.15,43.35,37.25,22276.2,0
Phitsanulok,2,50.17,106.22,78.19,5253.78,0
Bangkok,3,14.51,103.43,58.97,5195.68,0
Chiang Mai,4,119.36,229.96,174.66,7181.26,0
Ubon Ratchathani,2,20.29,108.71,64.5,8765.14,0
Nonthaburi,4,0.0,58.1,27.61,15939.86,0
Bangkok,4,8.35,125.54,66.94,11678.51,1
Ubon Ratchathani,10,143.31,157.64,150.48,7176.45,0
Chiang Mai,4,0.0,115.5,56.22,10340.28,0
Ubon Ratchathani,11,0.0,92.5,40.78,24692.42,0
Ubon Ratchathani,10,6.14,118.32,62.23,13122.12,1
Bangkok,11,9.45,47.47,28.46,7778.36,0
Ubon Ratchathani,2,46.08,71.75,58.91,7014.38,0
Phitsanulok,12,2.02,84.99,43.5,9903.95,0
Phitsanulok,8,248.9,315.65,282.27,15807.43,1
Bangkok,12,0.0,42.62,8.84,4656.03,0
Khon Kaen,5,0.0,88.29,32.44,14366.42,0
Khon Kaen,12,1.65,79.86,40.76,7660.27,0
Ayutthaya,8,6.53,50.75,28.64,8538.81,0
Chiang Mai,1,65.69,119.7,92.7,37743.7,0
Phitsanulok,5,24.31,49.0,36.66,13383.84,0
Songkhla,2,1.18,32.33,16.76,5578.84,0
Phitsanulok,12,60.11,85.88,72.99,11209.37,1
Chiang Mai,4,4.05,103.18,53.61,16345.65,0
Bangkok,3,0.0,81.98,38.21,13485.24,0
Nonthaburi,7,137.54,205.88,171.71,948.7,1
Khon Kaen,6,69.4,120.58,94.99,8277.63,1
Ubon Ratchathani,2,45.61,129.14,87.38,11557.61,0
Nonthaburi,10,46.82,146.24,96.53,10909.82,0
Bangkok,11,39.5,146.43,92.97,5948.43,0
Bangkok,9,20.78,90.95,55.87,13644.59,0
Bangkok,8,0.0,87.1,37.0,17958.08,0
Chiang Mai,5,41.1,107.35,74.23,1880.89,0
Bangkok,7,23.94,86.13,55.04,1700.16,0
Phitsanulok,7,0.0,61.28,8.68,11139.52,0
Ubon Ratchathani,2,0.06,52.56,26.31,14423.55,0
Nonthaburi,1,22.73,76.28,49.51,5272.15,0
Phitsanulok,4,107.32,150.86,129.09,1020.34,0
Nonthaburi,6,40.94,108.0,74.47,8381.09,0
Khon Kaen,2,0.0,66.29,31.33,11026.02,0
Khon Kaen,2,0.0,65.48,24.15,6740.82,0
Phitsanulok,11,119.92,177.27,148.59,16619.19,0
Khon Kaen,5,40.99,74.96,57.97,10556.11,0
Bangkok,8,0.0,53.86,1.19,4816.88,0
Ubon Ratchathani,7,36.95,85.01,60.98,5238.61,0
Phitsanulok,9,54.45,165.97,110.21,8517.05,1
Nonthaburi,9,7.02,39.82,23.42,6389.57,0
Nonthaburi,4,34.41,106.02,70.22,1584.71,1
Chiang Mai,11,40.87,109.9,75.38,9919.1,0
Songkhla,5,0.0,75.42,24.84,5352.01,0
Phitsanulok,11,145.29,170.56,157.93,6114.63,0
Ubon Ratchathani,5,21.33,131.43,76.38,3424.06,0
Phitsanulok,2,15.07,83.53,49.3,22657.72,0
Phitsanulok,10,21.05,95.52,58.29,12843.72,0
Ayutthaya,1,0.0,53.43,20.37,26345.21,0
Bangkok,10,12.52,26.48,19.5,6714.61,0
Ayutthaya,1,13.19,77.87,45.53,13351.22,1
Khon Kaen,3,28.46,67.45,47.96,10044.14,0
Chiang Mai,8,31.4,79.09,55.25,4975.14,0
Chiang Mai,12,126.79,208.19,167.49,6661.26,0
Ubon Ratchathani,5,73.64,138.38,106.01,12827.27,0
Surat Thani,2,0.45,20.7,10.58,3419.61,0
Surat Thani,3,137.29,155.33,146.31,16729.7,0
Songkhla,11,30.02,60.44,45.23,9456.6,0
Surat Thani,9,97.86,128.86,113.36,15277.85,0
Ubon Ratchathani,2,9.88,86.79,48.34,11056.93,0
Bangkok,5,57.94,87.5,72.72,1896.53,0
Phitsanulok,4,0.0,75.47,21.98,8282.37,1
Ayutthaya,3,68.76,101.83,85.29,16972.89,1
Chiang Mai,11,112.58,132.61,122.59,9355.59,0
Phitsanulok,8,0.0,66.34,13.18,8441.93,0
Songkhla,3,102.69,145.17,123.93,9348.95,0
Bangkok,8,8.47,65.26,36.87,1450.64,0
Chiang Mai,5,146.56,262.05,204.31,18150.42,1
Bangkok,1,57.91,171.79,114.85,724.1,0
Khon Kaen,6,56.78,145.42,101.1,20682.46,0
Bangkok,3,49.77,67.35,58.56,6346.51,0
Songkhla,3,278.64,353.9,316.27,11606.78,1
Surat Thani,11,0.0,104.87,45.47,1311.9,0
Nonthaburi,9,0.0,83.99,26.9,14317.42,0
Songkhla,2,27.19,48.85,38.02,12695.98,0
Ubon Ratchathani,11,111.48,165.03,138.25,12166.74,0
Surat Thani,7,49.31,94.02,71.67,1243.44,0
Bangkok,11,51.66,75.93,63.79,4428.08,0
Bangkok,9,2.83,89.26,46.05,11098.22,0
Ubon Ratchathani,5,41.16,81.28,61.22,17824.07,0
Bangkok,7,19.43,67.37,43.4,3875.3,0
Bangkok,7,98.02,117.96,107.99,3971.21,1
Khon Kaen,9,21.84,86.62,54.23,10587.85,0
Phitsanulok,3,24.95,52.35,38.65,35598.98,0
Ayutthaya,4,101.57,159.1,130.33,5049.2,0
Songkhla,3,14.85,40.61,27.73,6285.84,0
Ayutthaya,4,14.98,129.9,72.44,5567.9,0
Chiang Mai,2,0.0,21.58,8.61,7673.86,0
Nakhon Ratchasima,1,0.0,51.57,17.86,18769.09,0
Bangkok,12,33.73,65.4,49.56,7987.42,0
Songkhla,1,33.53,51.93,42.73,37805.42,0
Chiang Mai,11,26.54,58.8,42.67,9109.97,0
Nakhon Ratchasima,1,107.58,123.61,115.59,19976.95,0
Nonthaburi,10,107.71,133.04,120.38,6662.81,0
Surat Thani,4,51.18,115.47,83.32,2789.4,0
Ayutthaya,7,0.0,67.19,26.34,7977.45,0
Surat Thani,4,51.04,70.64,60.84,12294.05,0
Songkhla,6,194.35,252.87,223.61,4462.16,1
Khon Kaen,6,259.21,333.15,296.18,17926.11,1
Ubon Ratchathani,7,113.33,149.1,131.21,5790.79,0
Phitsanulok,5,1.87,52.8,27.34,3425.34,0
Surat Thani,7,52.32,70.22,61.27,33295.36,0
Ayutthaya,10,62.19,96.41,79.3,4262.48,0
Chiang Mai,6,39.97,101.31,70.64,5652.73,0
Khon Kaen,5,81.32,200.27,140.8,13727.01,0
Nonthaburi,2,52.25,171.84,112.05,6483.23,0
Surat Thani,5,0.0,84.83,25.95,3539.94,0
Nakhon Ratchasima,2,11.2,67.74,39.47,5204.85,0
Ayutthaya,3,121.4,140.27,130.83,27486.17,1
Surat Thani,12,148.43,194.02,171.22,12601.09,0
Surat Thani,2,61.97,98.12,80.04,14366.93,0
Ubon Ratchathani,6,179.82,191.37,185.6,10219.37,0
Khon Kaen,11,63.16,83.63,73.4,11496.11,0
Ubon Ratchathani,12,0.54,60.39,30.47,6099.28,0
Ayutthaya,2,81.3,128.66,104.98,9313.38,0
Nonthaburi,2,367.42,397.25,382.34,1117.88,1
Chiang Mai,5,0.0,64.92,20.53,16246.77,0
Chiang Mai,7,156.29,205.57,180.93,6054.64,1
Ayutthaya,12,48.95,152.65,100.8,3027.54,0
Surat Thani,3,19.19,55.7,37.44,9708.7,0
Ubon Ratchathani,2,0.0,43.49,8.88,7254.4,0
Ayutthaya,4,0.0,20.1,4.97,15857.4,0
Nonthaburi,11,10.35,74.84,42.6,8111.62,0
Ayutthaya,1,75.92,102.69,89.3,5111.15,1
Chiang Mai,5,110.41,138.18,124.29,8260.66,0
Chiang Mai,2,105.96,183.31,144.63,21501.58,0
Nonthaburi,2,64.09,103.11,83.6,16214.78,0
Chiang Mai,12,59.77,88.73,74.25,12578.25,0
Nonthaburi,1,0.0,107.07,50.93,16691.7,0
Khon Kaen,4,83.53,98.26,90.9,13260.0,1
Bangkok,11,1.87,74.03,37.95,3996.36,0
Nakhon Ratchasima,8,0.0,56.82,21.66,14446.75,1
Ubon Ratchathani,1,52.03,89.59,70.81,18036.68,0
Ayutthaya,6,87.84,147.65,117.74,18717.99,0
Songkhla,12,7.39,27.04,17.22,3271.87,0
Ubon Ratchathani,5,0.0,87.27,42.6,5666.21,0
Ayutthaya,7,51.62,86.01,68.82,4994.74,1
Ubon Ratchathani,7,52.07,83.34,67.71,6612.04,1
Nonthaburi,8,76.56,121.2,98.88,11675.25,1
Ayutthaya,3,164.77,274.03,219.4,9530.5,1
Chiang Mai,11,0.0,53.85,5.04,9532.55,0
Ayutthaya,12,168.86,283.02,225.94,2502.58,1
Phitsanulok,2,172.1,253.82,212.96,5494.19,0
Khon Kaen,10,84.27,167.2,125.73,19641.25,1
Nonthaburi,10,47.53,110.33,78.93,17984.7,1
Surat Thani,9,0.0,93.4,38.62,8008.6,0
Ubon Ratchathani,5,91.57,157.76,124.67,14473.76,0
Nakhon Ratchasima,6,57.48,106.54,82.01,10942.75,1
Nonthaburi,11,11.61,92.05,51.83,15569.89,0
Bangkok,2,87.38,157.45,122.42,14908.88,0
Khon Kaen,10,125.63,149.27,137.45,8500.16,0
Ayutthaya,12,143.72,196.92,170.32,12632.36,0
Ayutthaya,9,12.7,57.16,34.93,11458.6,1
Ayutthaya,5,104.09,207.24,155.66,8669.53,1
Chiang Mai,7,26.8,78.47,52.63,7329.96,0
Khon Kaen,1,28.91,129.28,79.1,25070.89,0
Bangkok,12,61.62,120.28,90.95,8677.58,0
Surat Thani,5,100.67,193.55,147.11,13867.89,1
Nakhon Ratchasima,1,101.3,126.18,113.74,23832.69,1
Surat Thani,10,0.0,106.97,51.12,12617.76,0
Surat Thani,8,0.0,37.53,6.1,12227.47,0
Songkhla,8,78.74,117.32,98.03,8715.11,1
Surat Thani,1,58.37,94.93,76.65,11604.11,0
Ubon Ratchathani,10,0.68,39.84,20.26,6863.99,0
Surat Thani,8,58.49,108.83,83.66,40931.56,1
Ubon Ratchathani,10,23.68,112.6,68.14,2560.68,0
Ubon Ratchathani,10,111.97,226.42,169.19,7684.23,0
Nakhon Ratchasima,3,194.41,278.01,236.21,12762.14,1
Khon Kaen,3,100.0,170.19,135.09,12235.11,0
Songkhla,12,35.42,94.76,65.09,6854.77,0
Nakhon Ratchasima,7,22.46,123.56,73.01,1719.83,1
Surat Thani,6,0.0,85.55,33.82,2987.8,0
Chiang Mai,4,18.75,60.98,39.86,10019.54,0
Ayutthaya,8,4.7,119.58,62.14,1205.88,0
Surat Thani,10,30.34,83.8,57.07,13389.31,0
Ubon Ratchathani,1,0.0,68.07,19.06,19001.26,0
Surat Thani,7,112.21,228.56,170.39,15048.52,1
Nakhon Ratchasima,12,142.98,230.39,186.68,17103.18,1
Nonthaburi,4,152.81,180.58,166.69,1262.78,0
Surat Thani,4,153.73,228.2,190.96,7068.61,0
